{"cameraMode":{"drawMode":0,"name":"Shaded","section":"Shading Mode"},"sceneLighting":true,"audioPlay":false,"sceneViewState":{"m_AlwaysRefresh":false,"showFog":true,"showSkybox":true,"showFlares":true,"showImageEffects":true,"showParticleSystems":true,"showVisualEffectGraphs":true,"m_FxEnabled":true},"in2DMode":false,"pivot":{"x":488.36773681640627,"y":187.1609344482422,"z":929.4674682617188},"rotation":{"x":-0.02158571407198906,"y":0.04972626641392708,"z":-0.0010718185221776367,"w":-0.9985946416854858},"size":855.9039916992188,"orthographic":false}