{"cameraMode":{"drawMode":0,"name":"Shaded","section":"Shading Mode"},"sceneLighting":false,"audioPlay":false,"sceneViewState":{"m_AlwaysRefresh":false,"showFog":true,"showSkybox":false,"showFlares":true,"showImageEffects":true,"showParticleSystems":true,"showVisualEffectGraphs":true,"m_FxEnabled":true},"in2DMode":false,"pivot":{"x":0.011536914855241776,"y":0.4032681882381439,"z":-0.06552208960056305},"rotation":{"x":-0.02601713500916958,"y":0.08413063734769821,"z":-0.002227338496595621,"w":-0.9961726069450378},"size":0.48186859488487246,"orthographic":false}